{"cameraMode":{"drawMode":0,"name":"Shaded","section":"Shading Mode"},"sceneLighting":true,"audioPlay":false,"sceneViewState":{"showFog":true,"showMaterialUpdate":false,"showSkybox":true,"showFlares":true,"showImageEffects":true,"showParticleSystems":true,"showVisualEffectGraphs":true,"m_FxEnabled":true},"in2DMode":false,"pivot":{"x":21.210067749023439,"y":123.37001037597656,"z":-21.566360473632814},"rotation":{"x":-0.004809573758393526,"y":0.005096469074487686,"z":-0.000027225147277931683,"w":-0.9999794960021973},"size":274.73919677734377,"orthographic":false}